"sighting","r","sitside","y","config","pos","side","lrfb","bss","cloud","sight","stratum","legid","date","divetime","lat","long","obsid","obs","dives","dec","head","group","mark","dup","dupe","usesp","seen","sfrac","glarer","glarel","transect","effort","lng","area","plat","lon"
-1,NA,NA,NA,"UDTH",NA,NA,NA,2,9,1,1,102,10720,NA,NA,NA,NA,"9999",NA,NA,NA,0,NA,NA,"YES","9999",0,0.5,0,0,1,480,13.2298,4418,0,NA
-1,NA,NA,NA,"UDTH",NA,NA,NA,3,9,1,1,203,10720,NA,NA,NA,NA,"9999",NA,NA,NA,0,NA,NA,"YES","9999",0,0.5,0,0,10,239,7.2372,4418,0,NA
-1,NA,NA,NA,"UDTH",NA,NA,NA,3,9,1,1,304,10720,NA,NA,NA,NA,"9999",NA,NA,NA,0,NA,NA,"YES","9999",0,0.5,0,0,14,659,17.6091,4418,0,NA
-1,NA,NA,NA,"UDTH",NA,NA,NA,2,9,1,1,403,10720,NA,NA,NA,NA,"9999",NA,NA,NA,0,NA,NA,"YES","9999",0,0.5,0,0,15,600,15.173,4418,0,NA
-1,NA,NA,NA,"UDTH",NA,NA,NA,3,9,1,1,403,10720,NA,NA,NA,NA,"9999",NA,NA,NA,0,NA,NA,"YES","9999",0,0.5,0,0,16,1141,28.7455,4418,0,NA
-1,NA,NA,NA,"UDTH",NA,NA,NA,3,9,1,1,403,10720,NA,NA,NA,NA,"9999",NA,NA,NA,0,NA,NA,"YES","9999",0,0.5,16.66667,0,17,299,7.554,4418,0,NA
659,0.728,1123,748,"UDHT","F","R","FR",2,9,1,1,405,10720,0.8047569,6412.27,2235.1,"D20","DP",1,10,60,1,0.80478009,NA,"YES","BA",1,0.5,0,0,18,1376,38.6678,4418,2,2235.1
659,NA,NA,NA,"UDHT","R","R","RR",2,9,1,1,405,10720,NA,NA,NA,NA,"ET",NA,NA,NA,NA,NA,NA,"YES","BA",0,0.5,0,0,18,1376,38.6678,4418,1,NA
660,0.753,226,1377,"UDHT","F","R","FR",2,9,1,1,405,10720,0.8054514,6412.46,2239.28,"D21","DP",1,10,10,1,0.80547454,NA,"YES","BA",1,0.5,0,0,18,1376,38.6678,4418,2,2239.28
660,NA,NA,NA,"UDHT","R","R","RR",2,9,1,1,405,10720,NA,NA,NA,NA,"ET",NA,NA,NA,NA,NA,NA,"YES","BA",0,0.5,0,0,18,1376,38.6678,4418,1,NA
662,0.251,416,211,"UDHT","F","R","FR",2,9,1,1,405,10720,0.807037,6413.24,2248.09,"D22","DP",1,28,75,1,0.80706018,662,"YES","BA",1,0.5,0,0,18,1376,38.6678,4418,2,2248.09
662,0.276,390,332,"UDHT","R","R","RR",2,9,1,1,405,10720,0.8070486,6413.25,2248.1,"T35","ET",1,28,65,1,0.80708333,662,"YES","BA",1,0.5,0,0,18,1376,38.6678,4418,1,2248.1
663,0.133,170,180,"UDHT","R","R","RR",2,9,1,1,405,10720,0.8073611,6413.35,2249.95,"T36","ET",2,53,80,2,0.80739583,NA,"YES","BA",1,0.5,0,0,18,1376,38.6678,4418,1,2249.95
663,NA,NA,NA,"UDHT","F","R","FR",2,9,1,1,405,10720,NA,NA,NA,NA,"DP",NA,NA,NA,NA,NA,NA,"YES","BA",0,0.5,0,0,18,1376,38.6678,4418,2,NA
665,0.118,214,50,"UDHT","R","R","RR",2,9,1,1,405,10720,0.8106366,6414.63,2308.2,"T37","ET",1,47,90,1,0.81064815,665,"YES","BA",1,0.5,0,0,18,1376,38.6678,4418,1,2308.2
665,0.126,229,50,"UDHT","F","R","FR",2,9,1,1,405,10720,0.810625,6414.63,2308.19,"D23","DP",1,45,90,1,0.81063657,665,"YES","BA",1,0.5,0,0,18,1376,38.6678,4418,2,2308.19
667,0.172,315,48,"UDHT","R","R","RR",2,9,1,1,405,10720,0.811169,6414.78,2309.26,"T38","ET",1,36,90,1,0.81118056,667,"YES","BA",1,0.5,11.11111,11.11111,19,844,23.6563,4418,1,2309.26
667,0.187,285,200,"UDHT","F","R","FR",2,9,1,1,405,10720,0.8111227,6414.77,2309.41,"D24","DP",1,37,70,1,0.81114583,667,"YES","BA",1,0.5,11.11111,11.11111,19,844,23.6563,4418,2,2309.41
657,0.807,1250,819,"UDHT","F","R","FR",3,9,1,1,405,10720,0.8014815,6410.76,2217.41,"D19","DP",1,9,60,1,0.80150463,NA,"YES","BA",1,0.5,0,0,20,300,7.9064,4418,2,2217.41
657,NA,NA,NA,"UDHT","R","R","RR",3,9,1,1,405,10720,NA,NA,NA,NA,"ET",NA,NA,NA,NA,NA,NA,"YES","BA",0,0.5,0,0,20,300,7.9064,4418,1,NA
670,0.166,293,96,"UDHT","R","R","RR",2,9,1,1,506,10720,0.8379167,6423.46,2353.68,"T39","ET",1,38,90,1,0.83793982,NA,"YES","BA",1,0.5,0,0,23,1860,50.3261,4418,1,2353.68
670,NA,NA,NA,"UDHT","F","R","FR",2,9,1,1,506,10720,NA,NA,NA,NA,"DP",NA,NA,NA,NA,NA,NA,"YES","BA",0,0.5,0,0,23,1860,50.3261,4418,2,NA
671,0.353,292,586,"UDHT","F","R","FR",2,9,1,1,506,10720,0.8418287,6424.82,2332.66,"D25","DP",1,22,30,1,0.84185185,NA,"YES","BA",1,0.5,0,0,23,1860,50.3261,4418,2,2332.66
671,NA,NA,NA,"UDHT","R","R","RR",2,9,1,1,506,10720,NA,NA,NA,NA,"ET",NA,NA,NA,NA,NA,NA,"YES","BA",0,0.5,0,0,23,1860,50.3261,4418,1,NA
673,0.093,166,48,"UDHT","R","R","RR",2,9,1,1,506,10720,0.8427778,6425.3,2327.6,"T40","ET",1,54,90,1,0.84278935,NA,"YES","BA",1,0.5,0,0,23,1860,50.3261,4418,1,2327.6
673,NA,NA,NA,"UDHT","F","R","FR",2,9,1,1,506,10720,NA,NA,NA,NA,"DP",NA,NA,NA,NA,NA,NA,"YES","BA",0,0.5,0,0,23,1860,50.3261,4418,2,NA
674,0.654,1112,484,"UDHT","F","R","FR",2,9,1,1,506,10720,0.8433333,6425.48,2324.77,"D27","DP",1,11,70,1,0.08895833,NA,"YES","BA?",1,0.5,0,0,23,1860,50.3261,4418,2,2324.77
674,NA,NA,NA,"UDHT","R","R","RR",2,9,1,1,506,10720,NA,NA,NA,NA,"ET",NA,NA,NA,NA,NA,NA,"YES","BA?",0,0.5,0,0,23,1860,50.3261,4418,1,NA
690,0.222,413,-6,"UDHT","R","R","RR",2,9,1,1,506,10720,0.8487384,6427.4,2256.36,"T44","ET",1,29,90,1,0.84873843,NA,"YES","BA",1,0.5,0,0,23,1860,50.3261,4418,1,2256.36
690,NA,NA,NA,"UDHT","F","R","FR",2,9,1,1,506,10720,NA,NA,NA,NA,"DP",NA,NA,NA,NA,NA,NA,"YES","BA",0,0.5,0,0,23,1860,50.3261,4418,2,NA
695,0.17,315,-4,"UDHT","R","R","RR",2,9,1,1,506,10720,0.8504398,6427.8,2247.7,"T45","ET",1,36,90,1,0.85043981,NA,"YES","BA",1,0.5,0,0,23,1860,50.3261,4418,1,2247.7
695,NA,NA,NA,"UDHT","F","R","FR",2,9,1,1,506,10720,NA,NA,NA,NA,"DP",NA,NA,NA,NA,NA,NA,"YES","BA",0,0.5,0,0,23,1860,50.3261,4418,2,NA
701,0.335,231,576,"UDHT","F","R","FR",3,9,1,1,506,10720,0.8526736,6428.69,2236.17,"D34","DP",1,27,30,1,0.85271991,NA,"YES","BA",1,0.5,0,0,24,540,13.3936,4418,2,2236.17
701,NA,NA,NA,"UDHT","R","R","RR",3,9,1,1,506,10720,NA,NA,NA,NA,"ET",NA,NA,NA,NA,NA,NA,"YES","BA",0,0.5,0,0,24,540,13.3936,4418,1,NA
720,0.284,514,115,"UDHT","R","R","RR",1,9,1,1,607,10720,0.8685532,6433.24,2300.15,"T51","ET",1,24,90,1,0.86857639,NA,"YES","BA",1,0.5,0,0,29,1142,30.556,4418,1,2300.15
720,NA,NA,NA,"UDHT","F","R","FR",1,9,1,1,607,10720,NA,NA,NA,NA,"DP",NA,NA,NA,NA,NA,NA,"YES","BA",0,0.5,0,0,29,1142,30.556,4418,2,NA
723,0.729,602,1210,"UDHT","F","R","FR",1,9,1,1,607,10720,0.8744676,6435.61,2332.88,"D40","DP",1,12,35,1,0.87453704,NA,"YES","BA",1,0.5,0,0,29,1142,30.556,4418,2,2332.88
723,NA,NA,NA,"UDHT","R","R","RR",1,9,1,1,607,10720,NA,NA,NA,NA,"ET",NA,NA,NA,NA,NA,NA,"YES","BA",0,0.5,0,0,29,1142,30.556,4418,1,NA
725,0.156,125,261,"UDHT","R","R","RR",1,9,1,1,607,10720,0.8752431,6435.9,2336.9,"T52","ET",1,49,40,1,0.8752662,NA,"YES","BA",1,0.5,0,0,29,1142,30.556,4418,1,2336.9
725,NA,NA,NA,"UDHT","F","R","FR",1,9,1,1,607,10720,NA,NA,NA,NA,"DP",NA,NA,NA,NA,NA,NA,"YES","BA",0,0.5,0,0,29,1142,30.556,4418,2,NA
-1,NA,NA,NA,"UDTH",NA,NA,NA,2,5,1,1,607,10713,NA,NA,NA,NA,"9999",NA,NA,NA,0,NA,NA,"YES","9999",0,0.5,0,0,30,120,3.0136,4418,0,NA
706,0.432,372,710,"UDHT","F","R","FR",2,9,1,1,607,10720,0.8637616,6432.08,2241.41,"D35","DP",1,19,35,1,0.8637963,NA,"YES","BA",1,0.5,0,0,31,883,23.5362,4418,2,2241.41
706,NA,NA,NA,"UDHT","R","R","RR",2,9,1,1,607,10720,NA,NA,NA,NA,"ET",NA,NA,NA,NA,NA,NA,"YES","BA",0,0.5,0,0,31,883,23.5362,4418,1,NA
707,0.185,339,59,"UDHT","R","R","RR",2,9,1,1,607,10720,0.8643056,6432.3,2244.45,"T47","ET",1,34,90,1,0.86431713,NA,"YES","BA",1,0.5,0,0,31,883,23.5362,4418,1,2244.45
707,NA,NA,NA,"UDHT","F","R","FR",2,9,1,1,607,10720,NA,NA,NA,NA,"DP",NA,NA,NA,NA,NA,NA,"YES","BA",0,0.5,0,0,31,883,23.5362,4418,2,NA
713,0.32,218,552,"UDHT","F","R","FR",2,9,1,1,607,10720,0.8663194,6432.5,2248.23,"D37","DP",1,27,30,1,0.86635417,NA,"YES","BA",1,0.5,0,0,31,883,23.5362,4418,2,2248.23
713,NA,NA,NA,"UDHT","R","R","RR",2,9,1,1,607,10720,NA,NA,NA,NA,"ET",NA,NA,NA,NA,NA,NA,"YES","BA",0,0.5,0,0,31,883,23.5362,4418,1,NA
714,0.141,263,5,"UDHT","R","R","RR",2,9,1,1,607,10720,0.8667708,6432.63,2250.56,"T49","ET",1,41,90,1,0.86677083,NA,"YES","BA",1,0.5,0,0,31,883,23.5362,4418,1,2250.56
714,NA,NA,NA,"UDHT","F","R","FR",2,9,1,1,607,10720,NA,NA,NA,NA,"DP",NA,NA,NA,NA,NA,NA,"YES","BA",0,0.5,0,0,31,883,23.5362,4418,2,NA
-1,NA,NA,NA,"UDTH",NA,NA,NA,3,5,1,1,607,10713,NA,NA,NA,NA,"9999",NA,NA,NA,0,NA,NA,"YES","9999",0,0.5,0,0,32,120,3.0088,4418,0,NA
-1,NA,NA,NA,"UDHT",NA,NA,NA,3,9,1,1,607,10720,NA,NA,NA,NA,"9999",NA,NA,NA,0,NA,NA,"YES","9999",0,0.5,0,0,33,360,10.1045,4418,0,NA
443,0.282,133,507,"UDHT","F","R","FR",1,9,1,1,807,10708,0.7798611,6442.51,2255.69,"D12","DP",1,28,20,1,0.77988426,NA,"YES","BA",1,0.5,0,0,38,612,16.1629,4418,2,2255.69
443,NA,NA,NA,"UDHT","R","R","RR",1,9,1,1,807,10708,NA,NA,NA,NA,"ET",NA,NA,NA,NA,NA,NA,"YES","BA",0,0.5,0,0,38,612,16.1629,4418,1,NA
439,0.202,339,162,"UDHT","F","R","FR",2,9,1,1,807,10708,0.7761227,6444.05,2315.33,"D11","DP",1,34,90,1,0.77615741,NA,"YES","BA",1,0.5,0,0,40,360,9.4115,4418,2,2315.33
439,NA,NA,NA,"UDHT","R","R","RR",2,9,1,1,807,10708,NA,NA,NA,NA,"ET",NA,NA,NA,NA,NA,NA,"YES","BA",0,0.5,0,0,40,360,9.4115,4418,1,NA
428,0.511,237,918,"UDHT","F","R","FR",3,6,1,1,807,10708,0.7597917,6449.34,2430.92,"D08","DP",1,44,90,1,0.76001157,NA,"YES","BA",1,0.5,0,0,41,569,14.3536,4418,2,2430.92
428,NA,NA,NA,"UDHT","R","R","RR",3,6,1,1,807,10708,NA,NA,NA,NA,"ET",NA,NA,NA,NA,NA,NA,"YES","BA",0,0.5,0,0,41,569,14.3536,4418,1,NA
436,0.435,797,127,"UDHT","R","R","RR",3,6,1,1,807,10708,0.766412,6447.45,2404.2,"T25","ET",1,16,90,1,0.76643518,NA,"YES","BA",1,0.5,0,0,41,569,14.3536,4418,1,2404.2
436,NA,NA,NA,"UDHT","F","R","FR",3,6,1,1,807,10708,NA,NA,NA,NA,"DP",NA,NA,NA,NA,NA,NA,"YES","BA",0,0.5,0,0,41,569,14.3536,4418,2,NA
-1,NA,NA,NA,"UDHT",NA,NA,NA,0,7,1,2,102,10708,NA,NA,NA,NA,"9999",NA,NA,NA,0,NA,NA,"YES","9999",0,0.5,0,0,43,240,6.0601,3988,0,NA
-1,NA,NA,NA,"UDHT",NA,NA,NA,1,5,1,2,102,10708,NA,NA,NA,NA,"9999",NA,NA,NA,0,NA,NA,"YES","9999",0,0.5,0,0,44,1009,25.9491,3988,0,NA
-1,NA,NA,NA,"UDHT",NA,NA,NA,0,8,1,2,203,10708,NA,NA,NA,NA,"9999",NA,NA,NA,0,NA,NA,"YES","9999",0,0.5,0,0,46,281,7.3746,3988,0,NA
-1,NA,NA,NA,"UDHT",NA,NA,NA,2,8,1,2,203,10708,NA,NA,NA,NA,"9999",NA,NA,NA,0,NA,NA,"YES","9999",0,0.5,0,0,48,480,11.3462,3988,0,NA
-1,NA,NA,NA,"UDHT",NA,NA,NA,2,8,1,2,203,10708,NA,NA,NA,NA,"9999",NA,NA,NA,0,NA,NA,"YES","9999",0,0.5,0,66.66667,49,366,8.8795,3988,0,NA
-1,NA,NA,NA,"UDHT",NA,NA,NA,0,5,1,2,304,10708,NA,NA,NA,NA,"9999",NA,NA,NA,0,NA,NA,"YES","9999",0,0.5,0,0,50,300,7.5514,3988,0,NA
427,0.179,293,157,"UDHT","R","R","RR",1,5,1,2,304,10708,0.713912,6518.12,2305.06,"T21","ET",1,38,90,1,0.71394676,NA,"YES","BA",1,0.5,0,0,51,420,10.6886,3988,1,2305.06
427,NA,NA,NA,"UDHT","F","R","FR",1,5,1,2,304,10708,NA,NA,NA,NA,"DP",NA,NA,NA,NA,NA,NA,"YES","BA",0,0.5,0,0,51,420,10.6886,3988,2,NA
420,0.3,490,262,"UDHT","R","R","RR",2,5,1,2,304,10708,0.7067477,6514.98,2342.5,"T17","ET",1,25,90,1,0.70680556,NA,"YES","BA",1,0.5,0,0,52,1020,26.6008,3988,1,2342.5
420,NA,NA,NA,"UDHT","F","R","FR",2,5,1,2,304,10708,NA,NA,NA,NA,"DP",NA,NA,NA,NA,NA,NA,"YES","BA",0,0.5,0,0,52,1020,26.6008,3988,2,NA
421,0.6,1075,282,"UDHT","R","R","RR",2,5,1,2,304,10708,0.7082639,6515.73,2334.74,"T18","ET",1,12,90,1,0.70832176,NA,"YES","BA",1,0.5,0,0,52,1020,26.6008,3988,1,2334.74
421,NA,NA,NA,"UDHT","F","R","FR",2,5,1,2,304,10708,NA,NA,NA,NA,"DP",NA,NA,NA,NA,NA,NA,"YES","BA",0,0.5,0,0,52,1020,26.6008,3988,2,NA
424,0.78,1443,100,"UDHT","R","R","RR",2,5,1,2,304,10708,0.7086458,6515.85,2332.2,"T19","ET",1,9,90,1,0.70865741,NA,"YES","BA",1,0.5,0,0,52,1020,26.6008,3988,1,2332.2
424,NA,NA,NA,"UDHT","F","R","FR",2,5,1,2,304,10708,NA,NA,NA,NA,"DP",NA,NA,NA,NA,NA,NA,"YES","BA",0,0.5,0,0,52,1020,26.6008,3988,2,NA
426,0.058,41,100,"UDHT","R","R","RR",2,5,1,2,304,10708,0.708912,6515.91,2331.77,"T20","ET",1,80,90,1,0.70893518,NA,"YES","BA",1,0.5,0,0,52,1020,26.6008,3988,1,2331.77
426,NA,NA,NA,"UDHT","F","R","FR",2,5,1,2,304,10708,NA,NA,NA,NA,"DP",NA,NA,NA,NA,NA,NA,"YES","BA",0,0.5,0,0,52,1020,26.6008,3988,2,NA
419,0.321,237,546,"UDHT","F","R","FR",3,5,1,2,304,10708,0.6968056,6510.52,2434.92,"D07","DP",1,44,90,1,0.69693287,NA,"YES","BA",1,0.5,0,0,53,217,5.7383,3988,2,2434.92
419,NA,NA,NA,"UDHT","R","R","RR",3,5,1,2,304,10708,NA,NA,NA,NA,"ET",NA,NA,NA,NA,NA,NA,"YES","BA",0,0.5,0,0,53,217,5.7383,3988,1,NA
-1,NA,NA,NA,"UDHT",NA,NA,NA,0,7,1,2,405,10708,NA,NA,NA,NA,"9999",NA,NA,NA,0,NA,NA,"YES","9999",0,0.5,0,0,54,300,7.8318,3988,0,NA
-1,NA,NA,NA,"UDHT",NA,NA,NA,1,7,1,2,405,10708,NA,NA,NA,NA,"9999",NA,NA,NA,0,NA,NA,"YES","9999",0,0.5,0,0,55,660,17.6074,3988,0,NA
-1,NA,NA,NA,"UDTH",NA,NA,NA,1,3,1,2,605,10713,NA,NA,NA,NA,"9999",NA,NA,NA,0,NA,NA,"YES","9999",0,0.5,0,22.22222,56,180,5.4164,3988,0,NA
-1,NA,NA,NA,"UDTH",NA,NA,NA,2,3,1,2,605,10713,NA,NA,NA,NA,"9999",NA,NA,NA,0,NA,NA,"YES","9999",0,0.5,0,22.22222,57,300,7.3203,3988,0,NA
-1,NA,NA,NA,"UDTH",NA,NA,NA,3,3,1,2,605,10713,NA,NA,NA,NA,"9999",NA,NA,NA,0,NA,NA,"YES","9999",0,0.5,0,22.22222,58,60,1.6298,3988,0,NA
-1,NA,NA,NA,"UDTH",NA,NA,NA,2,5,1,2,706,10713,NA,NA,NA,NA,"9999",NA,NA,NA,0,NA,NA,"YES","9999",0,0.5,22.22222,0,59,300,8.4444,3988,0,NA
-1,NA,NA,NA,"UDTH",NA,NA,NA,3,5,1,2,706,10713,NA,NA,NA,NA,"9999",NA,NA,NA,0,NA,NA,"YES","9999",0,0.5,22.22222,0,60,360,10.1503,3988,0,NA
-1,NA,NA,NA,"UDHT",NA,NA,NA,2,9,1,2,807,10708,NA,NA,NA,NA,"9999",NA,NA,NA,0,NA,NA,"YES","9999",0,0.5,0,0,61,462,12.3585,3988,0,NA
-1,NA,NA,NA,"UDHT",NA,NA,NA,2,9,2,2,807,10708,NA,NA,NA,NA,"9999",NA,NA,NA,0,NA,NA,"YES","9999",0,0.5,0,0,62,138,3.8809,3988,0,NA
-1,NA,NA,NA,"UDHT",NA,NA,NA,3,9,1,2,807,10708,NA,NA,NA,NA,"9999",NA,NA,NA,0,NA,NA,"YES","9999",0,0.5,0,0,63,290,7.5062,3988,0,NA
-1,NA,NA,NA,"UDHT",NA,NA,NA,2,8,1,2,908,10708,NA,NA,NA,NA,"9999",NA,NA,NA,0,NA,NA,"YES","9999",0,0.5,0,0,65,562,15.291,3988,0,NA
-1,NA,NA,NA,"UDTH",NA,NA,NA,3,2,1,2,1009,10713,NA,NA,NA,NA,"9999",NA,NA,NA,0,NA,NA,"YES","9999",0,0.5,0,50,67,720,16.7466,3988,0,NA
-1,NA,NA,NA,"UDHT",NA,NA,NA,1,3,1,2,1011,10708,NA,NA,NA,NA,"9999",NA,NA,NA,0,NA,NA,"YES","9999",0,0.5,0,0,69,1180,30.0816,3988,0,NA
-1,NA,NA,NA,"UDTH",NA,NA,NA,1,7,1,3,102,10721,NA,NA,NA,NA,"9999",NA,NA,NA,0,NA,NA,"YES","9999",0,0.5,22.22222,0,71,540,13.8939,14066,0,NA
-1,NA,NA,NA,"UDTH",NA,NA,NA,2,2,1,3,102,10721,NA,NA,NA,NA,"9999",NA,NA,NA,0,NA,NA,"YES","9999",0,0.5,22.22222,0,72,480,12.2707,14066,0,NA
-1,NA,NA,NA,"UDTH",NA,NA,NA,1,8,1,3,203,10721,NA,NA,NA,NA,"9999",NA,NA,NA,0,NA,NA,"YES","9999",0,0.5,0,0,74,660,18.4298,14066,0,NA
-1,NA,NA,NA,"UDTH",NA,NA,NA,1,2,1,3,203,10721,NA,NA,NA,NA,"9999",NA,NA,NA,0,NA,NA,"YES","9999",0,0.5,0,22.22222,75,420,11.9208,14066,0,NA
-1,NA,NA,NA,"UDTH",NA,NA,NA,2,0,1,3,203,10721,NA,NA,NA,NA,"9999",NA,NA,NA,0,NA,NA,"YES","9999",0,0.5,0,22.22222,77,420,11.8209,14066,0,NA
-1,NA,NA,NA,"UDTH",NA,NA,NA,1,9,1,3,304,10721,NA,NA,NA,NA,"9999",NA,NA,NA,0,NA,NA,"YES","9999",0,0.5,0,0,78,659,17.9701,14066,0,NA
-1,NA,NA,NA,"UDTH",NA,NA,NA,2,8,1,3,304,10721,NA,NA,NA,NA,"9999",NA,NA,NA,0,NA,NA,"YES","9999",0,0.5,0,0,79,541,13.9089,14066,0,NA
-1,NA,NA,NA,"UDTH",NA,NA,NA,2,9,1,3,304,10721,NA,NA,NA,NA,"9999",NA,NA,NA,0,NA,NA,"YES","9999",0,0.5,0,0,80,180,4.5722,14066,0,NA
-1,NA,NA,NA,"UDTH",NA,NA,NA,3,0,1,3,304,10721,NA,NA,NA,NA,"9999",NA,NA,NA,0,NA,NA,"YES","9999",0,0.5,0,0,81,481,12.0156,14066,0,NA
-1,NA,NA,NA,"UDTH",NA,NA,NA,3,1,1,3,304,10721,NA,NA,NA,NA,"9999",NA,NA,NA,0,NA,NA,"YES","9999",0,0.5,0,0,82,180,4.8797,14066,0,NA
-1,NA,NA,NA,"UDTH",NA,NA,NA,2,9,1,3,405,10721,NA,NA,NA,NA,"9999",NA,NA,NA,0,NA,NA,"YES","9999",0,0.5,0,0,86,1039,28.6357,14066,0,NA
-1,NA,NA,NA,"UDTH",NA,NA,NA,3,9,1,3,405,10721,NA,NA,NA,NA,"9999",NA,NA,NA,0,NA,NA,"YES","9999",0,0.5,0,0,88,961,26.4369,14066,0,NA
-1,NA,NA,NA,"UDTH",NA,NA,NA,2,0,1,3,506,10721,NA,NA,NA,NA,"9999",NA,NA,NA,0,NA,NA,"YES","9999",0,0.5,0,0,89,120,3.2413,14066,0,NA
-1,NA,NA,NA,"UDTH",NA,NA,NA,3,9,1,3,506,10721,NA,NA,NA,NA,"9999",NA,NA,NA,0,NA,NA,"YES","9999",0,0.5,0,0,92,481,12.981,14066,0,NA
-1,NA,NA,NA,"UDHT",NA,NA,NA,1,8,1,3,605,10708,NA,NA,NA,NA,"9999",NA,NA,NA,0,NA,NA,"YES","9999",0,0.5,0,0,94,412,11.1918,14066,0,NA
-1,NA,NA,NA,"UDHT",NA,NA,NA,2,8,1,3,605,10708,NA,NA,NA,NA,"9999",NA,NA,NA,0,NA,NA,"YES","9999",0,0.5,0,0,95,720,19.8755,14066,0,NA
-1,NA,NA,NA,"UDHT",NA,NA,NA,3,8,1,3,605,10708,NA,NA,NA,NA,"9999",NA,NA,NA,0,NA,NA,"YES","9999",0,0.5,0,0,96,208,5.6978,14066,0,NA
401,0.043,70,40,"UDHT","R","R","RR",2,9,1,3,706,10708,0.5931944,6519.48,2556.87,"T09","ET",1,73,90,1,0.59320602,NA,"YES","BA",1,0.5,0,0,98,1801,35.8375,14066,1,2556.87
401,NA,NA,NA,"UDHT","F","R","FR",2,9,1,3,706,10708,NA,NA,NA,NA,"DP",NA,NA,NA,NA,NA,NA,"YES","BA",0,0.5,0,0,98,1801,35.8375,14066,2,NA
405,0.637,1175,114,"UDHT","R","R","RR",2,9,1,3,706,10708,0.609375,6509.94,2437.83,"T12","ET",1,11,90,1,0.6094213,NA,"YES","BA",1,0.5,0,0,98,1801,35.8375,14066,1,2437.83
405,NA,NA,NA,"UDHT","F","R","FR",2,9,1,3,706,10708,NA,NA,NA,NA,"DP",NA,NA,NA,NA,NA,NA,"YES","BA",0,0.5,0,0,98,1801,35.8375,14066,2,NA
-1,NA,NA,NA,"UDHT",NA,NA,NA,2,4,1,3,706,10708,NA,NA,NA,NA,"9999",NA,NA,NA,0,NA,NA,"YES","9999",0,0.5,22.22222,0,99,271,6.4418,14066,0,NA
-1,NA,NA,NA,"UDHT",NA,NA,NA,3,4,1,3,706,10708,NA,NA,NA,NA,"9999",NA,NA,NA,0,NA,NA,"YES","9999",0,0.5,22.22222,0,100,1454,33.8331,14066,0,NA
389,0.398,450,587,"UDHT","R","R","RR",1,8,1,3,807,10708,0.5508218,6541.85,2554.11,"T03","ET",1,21,50,1,0.55086806,389,"YES","BA",1,0.5,0,0,101,1547,40.8281,14066,1,2554.11
389,0.503,537,761,"UDHT","F","R","FR",1,8,1,3,807,10708,0.5508102,6541.86,2553.99,"D01","DP",1,15,40,2,0.55083333,389,"YES","BA",1,0.5,0,0,101,1547,40.8281,14066,2,2553.99
390,0.384,537,468,"UDHT","F","R","FR",1,8,1,3,807,10708,0.5508796,6541.85,2554.23,"D01","DP",1,15,40,1,0.55083333,NA,"YES","BA",1,0.5,0,0,101,1547,40.8281,14066,2,2554.23
390,NA,NA,NA,"UDHT","R","R","RR",1,8,1,3,807,10708,NA,NA,NA,NA,"ET",NA,NA,NA,NA,NA,NA,"YES","BA",0,0.5,0,0,101,1547,40.8281,14066,1,NA
395,1.453,2240,1493,"UDHT","F","R","FR",1,8,1,3,807,10708,0.5556944,6539.86,2611.06,"D04","DP",1,5,60,1,NA,NA,"YES","BA?",1,0.5,0,0,101,1547,40.8281,14066,2,2611.06
395,NA,NA,NA,"UDHT","R","R","RR",1,8,1,3,807,10708,NA,NA,NA,NA,"ET",NA,NA,NA,NA,NA,NA,"YES","BA?",0,0.5,0,0,101,1547,40.8281,14066,1,NA
-1,NA,NA,NA,"UDHT",NA,NA,NA,2,8,1,3,807,10708,NA,NA,NA,NA,"9999",NA,NA,NA,0,NA,NA,"YES","9999",0,0.5,0,0,102,587,15.9717,14066,0,NA
-1,NA,NA,NA,"UDHT",NA,NA,NA,3,8,1,3,807,10708,NA,NA,NA,NA,"9999",NA,NA,NA,0,NA,NA,"YES","9999",0,0.5,0,0,103,595,16.2802,14066,0,NA
-1,NA,NA,NA,"UDTH",NA,NA,NA,3,6,1,4,504,10713,NA,NA,NA,NA,"9999",NA,NA,NA,0,NA,NA,"YES","9999",0,0.5,0,0,107,60,1.4911,12392,0,NA
-1,NA,NA,NA,"UDTH",NA,NA,NA,3,5,2,4,504,10713,NA,NA,NA,NA,"9999",NA,NA,NA,0,NA,NA,"YES","9999",0,0.5,0,44.44444,108,120,3.155,12392,0,NA
-1,NA,NA,NA,"UDTH",NA,NA,NA,1,9,1,4,605,10713,NA,NA,NA,NA,"9999",NA,NA,NA,0,NA,NA,"YES","9999",0,0.5,0,0,112,780,20.1041,12392,0,NA
-1,NA,NA,NA,"UDTH",NA,NA,NA,2,6,1,4,605,10713,NA,NA,NA,NA,"9999",NA,NA,NA,0,NA,NA,"YES","9999",0,0.5,0,0,113,120,3.1862,12392,0,NA
-1,NA,NA,NA,"UDTH",NA,NA,NA,2,9,1,4,605,10713,NA,NA,NA,NA,"9999",NA,NA,NA,0,NA,NA,"YES","9999",0,0.5,0,0,114,420,10.5312,12392,0,NA
-1,NA,NA,NA,"UDTH",NA,NA,NA,3,6,1,4,605,10713,NA,NA,NA,NA,"9999",NA,NA,NA,0,NA,NA,"YES","9999",0,0.5,0,0,115,60,1.5856,12392,0,NA
-1,NA,NA,NA,"UDTH",NA,NA,NA,1,5,1,4,607,10702,NA,NA,NA,NA,"9999",NA,NA,NA,0,NA,NA,"YES","9999",0,0.5,0,0,118,1174,32.6833,12392,0,NA
-1,NA,NA,NA,"UDTH",NA,NA,NA,0,2,1,4,910,10702,NA,NA,NA,NA,"9999",NA,NA,NA,0,NA,NA,"YES","9999",0,0.5,11.11111,0,123,182,3.7987,12392,0,NA
-1,NA,NA,NA,"UDTH",NA,NA,NA,1,2,1,4,910,10702,NA,NA,NA,NA,"9999",NA,NA,NA,0,NA,NA,"YES","9999",0,0.5,0,0,124,159,4.4473,12392,0,NA
-1,NA,NA,NA,"UDTH",NA,NA,NA,1,9,1,4,910,10702,NA,NA,NA,NA,"9999",NA,NA,NA,0,NA,NA,"YES","9999",0,0.5,0,0,125,185,4.7007,12392,0,NA
-1,NA,NA,NA,"UDTH",NA,NA,NA,0,8,1,4,1011,10702,NA,NA,NA,NA,"9999",NA,NA,NA,0,NA,NA,"YES","9999",0,0.5,0,0,127,996,28.2939,12392,0,NA
-1,NA,NA,NA,"UDTH",NA,NA,NA,1,5,1,4,1112,10702,NA,NA,NA,NA,"9999",NA,NA,NA,0,NA,NA,"YES","9999",0,0.5,11.11111,0,130,788,19.8914,12392,0,NA
-1,NA,NA,NA,"UDTH",NA,NA,NA,1,5,2,4,1112,10702,NA,NA,NA,NA,"9999",NA,NA,NA,0,NA,NA,"YES","9999",0,0.5,11.11111,0,131,24,0.6115,12392,0,NA
-1,NA,NA,NA,"UDTH",NA,NA,NA,1,5,1,4,1112,10702,NA,NA,NA,NA,"9999",NA,NA,NA,0,NA,NA,"YES","9999",0,0.5,22.22222,0,132,538,14.4651,12392,0,NA
-1,NA,NA,NA,"UDTH",NA,NA,NA,1,1,1,4,1314,10702,NA,NA,NA,NA,"9999",NA,NA,NA,0,NA,NA,"YES","9999",0,0.5,0,0,136,134,3.3874,12392,0,NA
-1,NA,NA,NA,"UDTH",NA,NA,NA,2,1,1,4,1314,10702,NA,NA,NA,NA,"9999",NA,NA,NA,0,NA,NA,"YES","9999",0,0.5,16.66667,0,140,263,6.4864,12392,0,NA
-1,NA,NA,NA,"UDHT",NA,NA,NA,3,9,1,4,1415,10703,NA,NA,NA,NA,"9999",NA,NA,NA,0,NA,NA,"YES","9999",0,0.5,0,0,141,482,12.4197,12392,0,NA
353,0.26,469,117,"UDHT","R","R","RR",1,2,1,4,1615,10707,0.6210417,6659.76,1749.37,"T20","ET",1,26,90,1,0.07778935,NA,"YES","BA?",1,0.5,0,0,142,638,15.0823,12392,1,1749.37
353,NA,NA,NA,"UDHT","F","R","FR",1,2,1,4,1615,10707,NA,NA,NA,NA,"DP",NA,NA,NA,NA,NA,NA,"YES","BA?",0,0.5,0,0,142,638,15.0823,12392,2,NA
-1,NA,NA,NA,"UDHT",NA,NA,NA,2,3,1,4,1615,10707,NA,NA,NA,NA,"9999",NA,NA,NA,0,NA,NA,"YES","9999",0,0.5,0,0,143,365,8.4999,12392,0,NA
321,0.293,430,331,"UDHT","R","R","RR",3,3,1,4,1615,10707,0.589213,6602.72,1725.84,"T05","ET",1,28,90,1,0.58929398,NA,"YES","BA",1,0.5,0,0,144,1659,38.9912,12392,1,1725.84
321,NA,NA,NA,"UDHT","F","R","FR",3,3,1,4,1615,10707,NA,NA,NA,NA,"DP",NA,NA,NA,NA,NA,NA,"YES","BA",0,0.5,0,0,144,1659,38.9912,12392,2,NA
328,0.779,1226,761,"UDHT","F","R","FR",3,3,1,4,1615,10707,0.6039005,6632.8,1738.3,"D05","DP",1,10,70,1,0.60398148,NA,"YES","BA",1,0.5,0,0,144,1659,38.9912,12392,2,1738.3
328,NA,NA,NA,"UDHT","R","R","RR",3,3,1,4,1615,10707,NA,NA,NA,NA,"ET",NA,NA,NA,NA,NA,NA,"YES","BA",0,0.5,0,0,144,1659,38.9912,12392,1,NA
-1,NA,NA,NA,"UDHT",NA,NA,NA,1,8,1,4,1617,10703,NA,NA,NA,NA,"9999",NA,NA,NA,0,NA,NA,"YES","9999",0,0.5,0,0,145,86,2.0965,12392,0,NA
-1,NA,NA,NA,"UDHT",NA,NA,NA,3,8,1,4,1617,10703,NA,NA,NA,NA,"9999",NA,NA,NA,0,NA,NA,"YES","9999",0,0.5,0,0,147,600,15.6416,12392,0,NA
78,0.522,293,923,"UDHT","R","R","RR",1,9,1,4,1718,10703,0.5685417,6644.13,1652.06,"T06","ET",1,17,20,1,0.56859954,NA,"YES","BA",1,0.5,0,0,148,660,17.1936,12392,1,1652.06
78,NA,NA,NA,"UDHT","F","R","FR",1,9,1,4,1718,10703,NA,NA,NA,NA,"DP",NA,NA,NA,NA,NA,NA,"YES","BA",0,0.5,0,0,148,660,17.1936,12392,2,NA
-1,NA,NA,NA,"UDHT",NA,NA,NA,2,9,1,4,1718,10703,NA,NA,NA,NA,"9999",NA,NA,NA,0,NA,NA,"YES","9999",0,0.5,0,0,149,447,10.71,12392,0,NA
-1,NA,NA,NA,"UDHT",NA,NA,NA,2,9,1,4,1718,10703,NA,NA,NA,NA,"9999",NA,NA,NA,0,NA,NA,"YES","9999",0,0.5,22.22222,0,150,543,12.3562,12392,0,NA
-1,NA,NA,NA,"UDHT",NA,NA,NA,3,9,1,4,1718,10703,NA,NA,NA,NA,"9999",NA,NA,NA,0,NA,NA,"YES","9999",0,0.5,0,0,151,300,7.9521,12392,0,NA
-1,NA,NA,NA,"UDHT",NA,NA,NA,1,5,1,4,1819,10703,NA,NA,NA,NA,"9999",NA,NA,NA,0,NA,NA,"YES","9999",0,0.5,0,0,152,239,6.1612,12392,0,NA
-1,NA,NA,NA,"UDHT",NA,NA,NA,2,5,1,4,1819,10703,NA,NA,NA,NA,"9999",NA,NA,NA,0,NA,NA,"YES","9999",0,0.5,0,0,153,600,15.9018,12392,0,NA
-1,NA,NA,NA,"UDHT",NA,NA,NA,3,3,1,4,1819,10703,NA,NA,NA,NA,"9999",NA,NA,NA,0,NA,NA,"YES","9999",0,0.5,0,0,154,411,10.1204,12392,0,NA
-1,NA,NA,NA,"UDHT",NA,NA,NA,3,5,1,4,1819,10703,NA,NA,NA,NA,"9999",NA,NA,NA,0,NA,NA,"YES","9999",0,0.5,0,0,155,300,7.7704,12392,0,NA
-1,NA,NA,NA,"UDHT",NA,NA,NA,1,6,1,4,1920,10703,NA,NA,NA,NA,"9999",NA,NA,NA,0,NA,NA,"YES","9999",0,0.5,0,0,156,102,3.0664,12392,0,NA
-1,NA,NA,NA,"UDHT",NA,NA,NA,1,6,1,4,1920,10703,NA,NA,NA,NA,"9999",NA,NA,NA,0,NA,NA,"YES","9999",0,0.5,16.66667,0,157,300,7.8113,12392,0,NA
-1,NA,NA,NA,"UDHT",NA,NA,NA,2,6,1,4,1920,10703,NA,NA,NA,NA,"9999",NA,NA,NA,0,NA,NA,"YES","9999",0,0.5,0,0,158,397,7.848,12392,0,NA
-1,NA,NA,NA,"UDHT",NA,NA,NA,2,6,1,4,1920,10703,NA,NA,NA,NA,"9999",NA,NA,NA,0,NA,NA,"YES","9999",0,0.5,16.66667,0,159,600,15.9116,12392,0,NA
-1,NA,NA,NA,"UDHT",NA,NA,NA,1,8,1,4,2021,10703,NA,NA,NA,NA,"9999",NA,NA,NA,0,NA,NA,"YES","9999",0,0.5,0,0,160,600,15.3929,12392,0,NA
-1,NA,NA,NA,"UDHT",NA,NA,NA,1,6,1,4,2122,10703,NA,NA,NA,NA,"9999",NA,NA,NA,0,NA,NA,"YES","9999",0,0.5,0,0,162,345,8.1082,12392,0,NA
-1,NA,NA,NA,"UDHT",NA,NA,NA,1,6,1,4,2122,10703,NA,NA,NA,NA,"9999",NA,NA,NA,0,NA,NA,"YES","9999",0,0.5,22.22222,0,163,121,3.5244,12392,0,NA
-1,NA,NA,NA,"UDHT",NA,NA,NA,2,6,1,4,2122,10703,NA,NA,NA,NA,"9999",NA,NA,NA,0,NA,NA,"YES","9999",0,0.5,0,0,164,300,7.7941,12392,0,NA
-1,NA,NA,NA,"UDHT",NA,NA,NA,2,6,1,4,2122,10703,NA,NA,NA,NA,"9999",NA,NA,NA,0,NA,NA,"YES","9999",0,0.5,22.22222,0,165,179,4.1731,12392,0,NA
-1,NA,NA,NA,"UDHT",NA,NA,NA,2,6,1,4,2122,10703,NA,NA,NA,NA,"9999",NA,NA,NA,0,NA,NA,"YES","9999",0,0.5,22.22222,0,166,300,7.3665,12392,0,NA
-1,NA,NA,NA,"UDHT",NA,NA,NA,3,6,1,4,2122,10703,NA,NA,NA,NA,"9999",NA,NA,NA,0,NA,NA,"YES","9999",0,0.5,0,0,167,225,5.8308,12392,0,NA
-1,NA,NA,NA,"UDHT",NA,NA,NA,0,5,1,4,2223,10703,NA,NA,NA,NA,"9999",NA,NA,NA,0,NA,NA,"YES","9999",0,0.5,0,0,168,300,7.4881,12392,0,NA
111,0.325,318,513,"UDHT","F","R","FR",1,5,1,4,2223,10703,0.6846296,6641.85,1442.69,"D08","DP",1,27,45,1,0.68467593,NA,"YES","BA",1,0.5,0,0,169,427,9.4163,12392,2,1442.69
111,NA,NA,NA,"UDHT","R","R","RR",1,5,1,4,2223,10703,NA,NA,NA,NA,"ET",NA,NA,NA,NA,NA,NA,"YES","BA",0,0.5,0,0,169,427,9.4163,12392,1,NA
-1,NA,NA,NA,"UDHT",NA,NA,NA,2,5,1,4,2223,10703,NA,NA,NA,NA,"9999",NA,NA,NA,0,NA,NA,"YES","9999",0,0.5,0,0,170,538,14.2871,12392,0,NA
-1,NA,NA,NA,"UDHT",NA,NA,NA,0,6,1,4,2324,10703,NA,NA,NA,NA,"9999",NA,NA,NA,0,NA,NA,"YES","9999",0,0.5,0,0,171,137,3.3433,12392,0,NA
113,0.327,309,522,"UDHT","R","R","RR",1,6,1,4,2324,10703,0.693588,6649.52,1423.6,"T17","ET",1,25,40,1,0.69362269,113,"NO","BA",1,0.5,0,0,172,947,25.9321,12392,1,1423.6
113,0.552,644,794,"UDHT","F","R","FR",1,6,1,4,2324,10703,0.6936111,6649.39,1423.43,"D09","DP",1,15,50,1,0.69366898,113,"NO","BA",1,0.5,0,0,172,947,25.9321,12392,2,1423.43
116,0.073,97,96,"UDHT","R","R","RR",1,6,1,4,2324,10703,0.6998264,6637.3,1415,"T18","ET",1,67,90,1,0.69984954,NA,"YES","BA",1,0.5,0,0,172,947,25.9321,12392,1,1415
116,NA,NA,NA,"UDHT","F","R","FR",1,6,1,4,2324,10703,NA,NA,NA,NA,"DP",NA,NA,NA,NA,NA,NA,"YES","BA",0,0.5,0,0,172,947,25.9321,12392,2,NA
-1,NA,NA,NA,"UDHT",NA,NA,NA,1,6,1,4,2324,10703,NA,NA,NA,NA,"9999",NA,NA,NA,0,NA,NA,"YES","9999",0,0.5,11.11111,0,173,186,3.1409,12392,0,NA
-1,NA,NA,NA,"UDHT",NA,NA,NA,1,5,1,4,2425,10703,NA,NA,NA,NA,"9999",NA,NA,NA,0,NA,NA,"YES","9999",0,0.5,0,0,174,1094,26.9794,12392,0,NA
-1,NA,NA,NA,"UDHT",NA,NA,NA,2,5,1,4,2425,10703,NA,NA,NA,NA,"9999",NA,NA,NA,0,NA,NA,"YES","9999",0,0.5,0,0,175,300,7.3864,12392,0,NA
130,0.414,743,195,"UDHT","R","R","RR",1,8,1,4,2526,10703,0.7411343,6627.97,1311.86,"T24","ET",1,17,85,1,0.74115741,NA,"YES","BA",1,0.5,0,0,176,1372,36.1571,12392,1,1311.86
130,NA,NA,NA,"UDHT","F","R","FR",1,8,1,4,2526,10703,NA,NA,NA,NA,"DP",NA,NA,NA,NA,NA,NA,"YES","BA",0,0.5,0,0,176,1372,36.1571,12392,2,NA
134,0.352,628,178,"UDHT","F","R","FR",1,8,1,4,2526,10703,0.7422569,6625.52,1309.94,"D11","DP",1,20,90,1,0.74229167,134,"YES","BA",1,0.5,0,0,176,1372,36.1571,12392,2,1309.94
134,0.352,628,178,"UDHT","R","R","RR",1,8,1,4,2526,10703,0.7422685,6625.52,1309.94,"T25","ET",1,20,90,1,0.74230324,134,"YES","BA",1,0.5,0,0,176,1372,36.1571,12392,1,1309.94
-1,NA,NA,NA,"UDTH",NA,NA,NA,1,0,1,5,403,10707,NA,NA,NA,NA,"9999",NA,NA,NA,0,NA,NA,"YES","9999",0,0.5,16.66667,0,177,187,4.6256,10782,0,NA
-1,NA,NA,NA,"UDTH",NA,NA,NA,2,0,1,5,403,10707,NA,NA,NA,NA,"9999",NA,NA,NA,0,NA,NA,"YES","9999",0,0.5,16.66667,0,178,1178,31.0032,10782,0,NA
-1,NA,NA,NA,"UDTH",NA,NA,NA,1,0,1,5,504,10707,NA,NA,NA,NA,"9999",NA,NA,NA,0,NA,NA,"YES","9999",0,0.5,0,33.33333,179,722,20.776,10782,0,NA
-1,NA,NA,NA,"UDTH",NA,NA,NA,2,0,1,5,504,10707,NA,NA,NA,NA,"9999",NA,NA,NA,0,NA,NA,"YES","9999",0,0.5,0,33.33333,180,474,13.5335,10782,0,NA
-1,NA,NA,NA,"UDHT",NA,NA,NA,1,0,1,5,605,10707,NA,NA,NA,NA,"9999",NA,NA,NA,0,NA,NA,"YES","9999",0,0.5,27.77778,0,181,239,6.2584,10782,0,NA
-1,NA,NA,NA,"UDHT",NA,NA,NA,3,0,1,5,605,10707,NA,NA,NA,NA,"9999",NA,NA,NA,0,NA,NA,"YES","9999",0,0.5,27.77778,0,183,58,1.7928,10782,0,NA
361,0.125,229,45,"UDHT","R","R","RR",1,0,1,5,706,10707,0.7125463,6717.34,2048.81,"T24","ET",1,45,90,1,0.71255787,NA,"YES","BA",1,0.5,0,22.22222,184,1292,35.6801,10782,1,2048.81
361,NA,NA,NA,"UDHT","F","R","FR",1,0,1,5,706,10707,NA,NA,NA,NA,"DP",NA,NA,NA,NA,NA,NA,"YES","BA",0,0.5,0,22.22222,184,1292,35.6801,10782,2,NA
364,0.245,339,303,"UDHT","R","R","RR",1,0,1,5,706,10707,0.7137384,6719.7,2052.5,"T25","ET",2,34,90,2,0.71380787,364,"YES","BA",1,0.5,0,22.22222,184,1292,35.6801,10782,1,2052.5
364,0.286,396,354,"UDHT","F","R","FR",1,0,1,5,706,10707,0.7137037,6719.6,2052.4,"D11","DP",1,30,90,1,0.71378472,364,"YES","BA",1,0.5,0,22.22222,184,1292,35.6801,10782,2,2052.4
-1,NA,NA,NA,"UDHT",NA,NA,NA,1,0,1,5,807,10707,NA,NA,NA,NA,"9999",NA,NA,NA,0,NA,NA,"YES","9999",0,0.5,16.66667,0,185,123,3.0696,10782,0,NA
-1,NA,NA,NA,"UDHT",NA,NA,NA,2,0,1,5,807,10707,NA,NA,NA,NA,"9999",NA,NA,NA,0,NA,NA,"YES","9999",0,0.5,16.66667,0,186,1784,45.0678,10782,0,NA
-1,NA,NA,NA,"UDHT",NA,NA,NA,1,0,1,5,910,10707,NA,NA,NA,NA,"9999",NA,NA,NA,0,NA,NA,"YES","9999",0,0.5,0,0,187,1582,41.5185,10782,0,NA
-1,NA,NA,NA,"UDHT",NA,NA,NA,2,0,1,5,910,10707,NA,NA,NA,NA,"9999",NA,NA,NA,0,NA,NA,"YES","9999",0,0.5,0,0,188,270,6.7927,10782,0,NA
-1,NA,NA,NA,"UDHT",NA,NA,NA,1,5,1,5,1009,10707,NA,NA,NA,NA,"9999",NA,NA,NA,0,NA,NA,"YES","9999",0,0.5,0,0,189,170,4.4422,10782,0,NA
-1,NA,NA,NA,"UDHT",NA,NA,NA,1,5,1,5,1009,10707,NA,NA,NA,NA,"9999",NA,NA,NA,0,NA,NA,"YES","9999",0,0.5,16.66667,0,190,655,17.1679,10782,0,NA
-1,NA,NA,NA,"UDHT",NA,NA,NA,2,5,1,5,1009,10707,NA,NA,NA,NA,"9999",NA,NA,NA,0,NA,NA,"YES","9999",0,0.5,0,0,191,457,12.0649,10782,0,NA
-1,NA,NA,NA,"UDHT",NA,NA,NA,2,5,1,5,1009,10707,NA,NA,NA,NA,"9999",NA,NA,NA,0,NA,NA,"YES","9999",0,0.5,16.66667,0,192,77,2.018,10782,0,NA
-1,NA,NA,NA,"UDTH",NA,NA,NA,2,9,1,5,1110,10704,NA,NA,NA,NA,"9999",NA,NA,NA,0,NA,NA,"YES","9999",0,0.5,0,0,194,222,6.3582,10782,0,NA
-1,NA,NA,NA,"UDTH",NA,NA,NA,3,9,1,5,1110,10704,NA,NA,NA,NA,"9999",NA,NA,NA,0,NA,NA,"YES","9999",0,0.5,0,0,195,263,7.4192,10782,0,NA
-1,NA,NA,NA,"UDTH",NA,NA,NA,1,2,1,5,1312,10704,NA,NA,NA,NA,"9999",NA,NA,NA,0,NA,NA,"YES","9999",0,0.5,0,0,198,221,6.2839,10782,0,NA
-1,NA,NA,NA,"UDTH",NA,NA,NA,3,2,1,5,1312,10704,NA,NA,NA,NA,"9999",NA,NA,NA,0,NA,NA,"YES","9999",0,0.5,0,0,200,615,17.6551,10782,0,NA
139,0.155,267,108,"UDHT","F","R","FR",1,2,1,6,102,10703,0.753669,6617.45,1331.3,"D12","DP",1,40,75,1,0.75368056,139,"YES","BA",1,0.5,0,0,201,630,16.714,3602,2,1331.3
139,0.163,183,240,"UDHT","R","R","RR",1,2,1,6,102,10703,0.7536806,6617.45,1331.3,"T28","ET",99,45,50,1,0.7537037,139,"YES","BA",1,0.5,0,0,201,630,16.714,3602,1,1331.3
153,0.058,41,100,"UDHT","R","R","RR",1,2,1,6,102,10703,0.7659722,6611.3,1441.34,"T34","ET",1,80,90,1,0.76599537,NA,"YES","BA",1,0.5,0,0,201,630,16.714,3602,1,1441.34
153,NA,NA,NA,"UDHT","F","R","FR",1,2,1,6,102,10703,NA,NA,NA,NA,"DP",NA,NA,NA,NA,NA,NA,"YES","BA",0,0.5,0,0,201,630,16.714,3602,2,NA
154,0.371,155,670,"UDHT","R","R","RR",1,2,1,6,102,10703,0.7662847,6611.2,1443.22,"T35","ET",1,30,20,1,0.76635417,NA,"YES","BA",1,0.5,0,0,201,630,16.714,3602,1,1443.22
154,NA,NA,NA,"UDHT","F","R","FR",1,2,1,6,102,10703,NA,NA,NA,NA,"DP",NA,NA,NA,NA,NA,NA,"YES","BA",0,0.5,0,0,201,630,16.714,3602,2,NA
156,0.218,122,386,"UDHT","R","R","RR",1,2,1,6,102,10703,0.7682986,6610.07,1454.45,"T36","ET",1,52,40,2,0.76835648,156,"YES","BA",1,0.5,0,0,201,630,16.714,3602,1,1454.45
156,0.273,149,484,"UDHT","F","R","FR",1,2,1,6,102,10703,0.7682986,6610.07,1454.45,"D17","DP",2,40,30,2,0.76835648,156,"YES","BA",1,0.5,0,0,201,630,16.714,3602,2,1454.45
-1,NA,NA,NA,"UDHT",NA,NA,NA,1,2,1,6,102,10703,NA,NA,NA,NA,"9999",NA,NA,NA,0,NA,NA,"YES","9999",0,0.5,44.44444,0,202,142,3.863,3602,0,NA
145,0.099,179,42,"UDHT","F","R","FR",2,2,1,6,102,10703,0.7627662,6612.95,1423.41,"D14","DP",1,52,90,1,0.76277778,145,"YES","BA",1,0.5,0,0,203,496,13.4629,3602,2,1423.41
145,0.19,192,296,"UDHT","R","R","RR",2,2,1,6,102,10703,0.7627546,6612.97,1423.41,"T31","ET",1,50,90,1,0.76282407,145,"YES","BA",1,0.5,0,0,203,496,13.4629,3602,1,1423.41
148,0.086,160,-7,"UDHT","R","R","RR",2,2,1,6,102,10703,0.7635417,6612.54,1427.68,"T32","ET",1,55,90,1,0.76354167,148,"YES","BA",1,0.5,0,0,203,496,13.4629,3602,1,1427.68
148,0.103,166,94,"UDHT","F","R","FR",2,2,1,6,102,10703,0.7635301,6612.54,1427.68,"D15","DP",1,54,90,1,0.76355324,148,"YES","BA",1,0.5,0,0,203,496,13.4629,3602,2,1427.68
149,0.24,210,393,"UDHT","F","R","FR",2,2,1,6,102,10703,0.7640741,6612.3,1430.91,"D16","DP",1,39,45,1,0.76412037,NA,"YES","BA",1,0.5,0,0,203,496,13.4629,3602,2,1430.91
149,NA,NA,NA,"UDHT","R","R","RR",2,2,1,6,102,10703,NA,NA,NA,NA,"ET",NA,NA,NA,NA,NA,NA,"YES","BA",0,0.5,0,0,203,496,13.4629,3602,1,NA
150,0.216,216,339,"UDHT","R","R","RR",2,2,1,6,102,10703,0.7642245,6612.23,1431.69,"T33","ET",1,42,55,1,0.76427083,NA,"YES","BA",1,0.5,0,0,203,496,13.4629,3602,1,1431.69
150,NA,NA,NA,"UDHT","F","R","FR",2,2,1,6,102,10703,NA,NA,NA,NA,"DP",NA,NA,NA,NA,NA,NA,"YES","BA",0,0.5,0,0,203,496,13.4629,3602,2,NA
-1,NA,NA,NA,"UDHT",NA,NA,NA,3,2,1,6,102,10703,NA,NA,NA,NA,"9999",NA,NA,NA,1,NA,NA,"YES","9999",0,0.5,44.44444,0,205,177,4.8148,3602,0,NA
157,0.197,303,203,"UDHT","R","R","RR",1,6,1,6,203,10703,0.7718171,6609.76,1456.41,"T37","ET",1,37,90,1,0.771875,NA,"YES","BA",1,0.5,0,0,206,758,17.4346,3602,1,1456.41
157,NA,NA,NA,"UDHT","F","R","FR",1,6,1,6,203,10703,NA,NA,NA,NA,"DP",NA,NA,NA,NA,NA,NA,"YES","BA",0,0.5,0,0,206,758,17.4346,3602,2,NA
169,0.06,112,0,"UDHT","R","R","RR",2,5,1,6,203,10703,0.7915625,6601.67,1318.73,"T42","ET",1,64,90,1,0.7915625,NA,"YES","BA",1,0.5,0,0,207,721,16.8321,3602,1,1318.73
169,NA,NA,NA,"UDHT","F","R","FR",2,5,1,6,203,10703,NA,NA,NA,NA,"DP",NA,NA,NA,NA,NA,NA,"YES","BA",0,0.5,0,0,207,721,16.8321,3602,2,NA
-1,NA,NA,NA,"UDHT",NA,NA,NA,3,5,1,6,203,10703,NA,NA,NA,NA,"9999",NA,NA,NA,0,NA,NA,"YES","9999",0,0.5,0,0,208,600,14.2594,3602,0,NA
190,0.261,218,433,"UDHT","R","R","RR",2,4,1,6,403,10705,0.5016782,6554.73,1357.39,"T05","ET",1,38,45,1,0.50173611,NA,"YES","BA",1,0.5,27.77778,0,209,1398,34.7476,3602,1,1357.39
190,NA,NA,NA,"UDHT","F","R","FR",2,4,1,6,403,10705,NA,NA,NA,NA,"DP",NA,NA,NA,NA,NA,NA,"YES","BA",0,0.5,27.77778,0,209,1398,34.7476,3602,2,NA
205,0.771,507,1336,"UDHT","F","R","FR",2,4,1,6,403,10705,0.5092477,6558.36,1318.72,"D06","DP",1,10,20,1,0.50928241,NA,"YES","BA",1,0.5,27.77778,0,209,1398,34.7476,3602,2,1318.72
205,NA,NA,NA,"UDHT","R","R","RR",2,4,1,6,403,10705,NA,NA,NA,NA,"ET",NA,NA,NA,NA,NA,NA,"YES","BA",0,0.5,27.77778,0,209,1398,34.7476,3602,1,NA
206,0.196,85,354,"UDHT","R","R","RR",2,4,1,6,403,10705,0.5107176,6559,1311.08,"T15","ET",1,40,15,1,0.51074074,NA,"YES","BA",1,0.5,27.77778,0,209,1398,34.7476,3602,1,1311.08
206,NA,NA,NA,"UDHT","F","R","FR",2,4,1,6,403,10705,NA,NA,NA,NA,"DP",NA,NA,NA,NA,NA,NA,"YES","BA",0,0.5,27.77778,0,209,1398,34.7476,3602,2,NA
-1,NA,NA,NA,"UDHT",NA,NA,NA,3,4,1,6,403,10705,NA,NA,NA,NA,"9999",NA,NA,NA,0,NA,NA,"YES","9999",0,0.5,27.77778,0,210,396,9.5415,3602,0,NA
-1,NA,NA,NA,"UDHT",NA,NA,NA,2,1,1,6,405,10705,NA,NA,NA,NA,"9999",NA,NA,NA,0,NA,NA,"YES","9999",0,0.5,11.11111,0,211,105,2.6921,3602,0,NA
254,0.265,490,18,"UDHT","R","R","RR",3,1,1,6,405,10705,0.6027431,6543.67,1338.25,"T33","ET",1,25,90,1,0.60274306,NA,"YES","BA",1,0.5,11.11111,0,212,1067,23.9523,3602,1,1338.25
254,NA,NA,NA,"UDHT","F","R","FR",3,1,1,6,405,10705,NA,NA,NA,NA,"DP",NA,NA,NA,NA,NA,NA,"YES","BA",0,0.5,11.11111,0,212,1067,23.9523,3602,2,NA
-1,NA,NA,NA,"UDTH",NA,NA,NA,2,0,1,6,605,10706,NA,NA,NA,NA,"9999",NA,NA,NA,0,NA,NA,"YES","9999",0,0.5,16.66667,0,217,314,7.2086,3602,0,NA
-1,NA,NA,NA,"UDTH",NA,NA,NA,3,2,1,6,706,10706,NA,NA,NA,NA,"9999",NA,NA,NA,0,NA,NA,"YES","9999",0,0.5,0,44.44444,221,210,5.7487,3602,0,NA
-1,NA,NA,NA,"UDTH",NA,NA,NA,2,2,2,6,807,10706,NA,NA,NA,NA,"9999",NA,NA,NA,0,NA,NA,"YES","9999",0,0.5,0,0,222,189,4.7227,3602,0,NA
-1,NA,NA,NA,"UDTH",NA,NA,NA,3,2,2,6,807,10706,NA,NA,NA,NA,"9999",NA,NA,NA,0,NA,NA,"YES","9999",0,0.5,0,0,223,553,15.5119,3602,0,NA
-1,NA,NA,NA,"UDTH",NA,NA,NA,2,2,2,6,908,10706,NA,NA,NA,NA,"9999",NA,NA,NA,0,NA,NA,"YES","9999",0,0.5,0,16.66667,224,453,11.6969,3602,0,NA
-1,NA,NA,NA,"UDTH",NA,NA,NA,3,2,2,6,908,10706,NA,NA,NA,NA,"9999",NA,NA,NA,0,NA,NA,"YES","9999",0,0.5,0,16.66667,225,113,3.124,3602,0,NA
-1,NA,NA,NA,"UDTH",NA,NA,NA,2,3,2,6,1009,10706,NA,NA,NA,NA,"9999",NA,NA,NA,0,NA,NA,"YES","9999",0,0.5,0,0,226,564,16.5421,3602,0,NA
-1,NA,NA,NA,"UDTH",NA,NA,NA,3,3,2,6,1009,10706,NA,NA,NA,NA,"9999",NA,NA,NA,0,NA,NA,"YES","9999",0,0.5,0,0,227,176,5.672,3602,0,NA
-1,NA,NA,NA,"UDHT",NA,NA,NA,1,5,1,6,1211,10716,NA,NA,NA,NA,"9999",NA,NA,NA,0,NA,NA,"YES","9999",0,0.5,27.77778,0,228,61,1.6537,3602,0,NA
-1,NA,NA,NA,"UDHT",NA,NA,NA,2,4,1,6,1211,10716,NA,NA,NA,NA,"9999",NA,NA,NA,0,NA,NA,"YES","9999",0,0.5,27.77778,0,229,120,3.3672,3602,0,NA
-1,NA,NA,NA,"UDHT",NA,NA,NA,2,4,2,6,1211,10716,NA,NA,NA,NA,"9999",NA,NA,NA,0,NA,NA,"YES","9999",0,0.5,27.77778,0,230,60,1.7726,3602,0,NA
557,0.463,853,95,"UDHT","F","R","FR",2,5,1,6,1211,10716,0.4428588,6437.9,1319,"D03","DP",1,15,90,1,0.05237269,NA,"YES","BA",1,0.5,27.77778,0,231,299,8.6604,3602,2,1319
557,NA,NA,NA,"UDHT","R","R","RR",2,5,1,6,1211,10716,NA,NA,NA,NA,"ET",NA,NA,NA,NA,NA,NA,"YES","BA",0,0.5,27.77778,0,231,299,8.6604,3602,1,NA
-1,NA,NA,NA,"UDHT",NA,NA,NA,2,5,2,6,1211,10716,NA,NA,NA,NA,"9999",NA,NA,NA,0,NA,NA,"YES","9999",0,0.5,27.77778,0,232,61,1.7593,3602,0,NA
-1,NA,NA,NA,"UDHT",NA,NA,NA,2,4,1,6,1211,10716,NA,NA,NA,NA,"9999",NA,NA,NA,0,NA,NA,"YES","9999",0,0.5,16.66667,0,233,420,10.9542,3602,0,NA
-1,NA,NA,NA,"UDHT",NA,NA,NA,2,4,2,6,1211,10716,NA,NA,NA,NA,"9999",NA,NA,NA,0,NA,NA,"YES","9999",0,0.5,16.66667,0,234,59,1.6086,3602,0,NA
-1,NA,NA,NA,"UDTH",NA,NA,NA,3,9,1,6,1312,10715,NA,NA,NA,NA,"9999",NA,NA,NA,0,NA,NA,"YES","9999",0,0.5,0,0,235,600,14.2973,3602,0,NA
-1,NA,NA,NA,"UDTH",NA,NA,NA,3,9,1,6,1312,10715,NA,NA,NA,NA,"9999",NA,NA,NA,0,NA,NA,"YES","9999",0,0.5,0,44.44444,236,420,9.8131,3602,0,NA
-1,NA,NA,NA,"UDHT",NA,NA,NA,2,3,1,7,302,10705,NA,NA,NA,NA,"9999",NA,NA,NA,0,NA,NA,"YES","9999",0,0.5,0,0,238,60,1.5848,14384,0,NA
-1,NA,NA,NA,"UDHT",NA,NA,NA,2,3,2,7,302,10705,NA,NA,NA,NA,"9999",NA,NA,NA,0,NA,NA,"YES","9999",0,0.5,0,0,239,180,4.7002,14384,0,NA
-1,NA,NA,NA,"UDHT",NA,NA,NA,3,3,1,7,302,10705,NA,NA,NA,NA,"9999",NA,NA,NA,0,NA,NA,"YES","9999",0,0.5,0,0,240,660,16.9321,14384,0,NA
-1,NA,NA,NA,"UDHT",NA,NA,NA,2,2,1,7,403,10705,NA,NA,NA,NA,"9999",NA,NA,NA,0,NA,NA,"YES","9999",0,0.5,16.66667,0,243,524,13.6873,14384,0,NA
-1,NA,NA,NA,"UDHT",NA,NA,NA,3,2,1,7,403,10705,NA,NA,NA,NA,"9999",NA,NA,NA,0,NA,NA,"YES","9999",0,0.5,16.66667,0,244,510,13.0391,14384,0,NA
-1,NA,NA,NA,"UDTH",NA,NA,NA,1,0,1,7,405,10706,NA,NA,NA,NA,"9999",NA,NA,NA,0,NA,NA,"YES","9999",0,0.5,0,0,245,1016,25.0724,14384,0,NA
-1,NA,NA,NA,"UDTH",NA,NA,NA,1,0,1,7,405,10706,NA,NA,NA,NA,"9999",NA,NA,NA,0,NA,NA,"YES","9999",0,0.5,16.66667,0,246,628,15.3073,14384,0,NA
-1,NA,NA,NA,"UDTH",NA,NA,NA,2,0,1,7,405,10706,NA,NA,NA,NA,"9999",NA,NA,NA,0,NA,NA,"YES","9999",0,0.5,16.66667,0,247,602,14.2532,14384,0,NA
-1,NA,NA,NA,"UDTH",NA,NA,NA,2,5,1,7,405,10706,NA,NA,NA,NA,"9999",NA,NA,NA,0,NA,NA,"YES","9999",0,0.5,16.66667,0,248,409,10.4709,14384,0,NA
-1,NA,NA,NA,"UDTH",NA,NA,NA,3,0,1,7,405,10706,NA,NA,NA,NA,"9999",NA,NA,NA,0,NA,NA,"YES","9999",0,0.5,16.66667,0,249,161,3.6965,14384,0,NA
-1,NA,NA,NA,"UDTH",NA,NA,NA,1,0,1,7,506,10706,NA,NA,NA,NA,"9999",NA,NA,NA,0,NA,NA,"YES","9999",0,0.5,0,0,250,1435,39.1164,14384,0,NA
-1,NA,NA,NA,"UDTH",NA,NA,NA,2,1,1,7,506,10706,NA,NA,NA,NA,"9999",NA,NA,NA,0,NA,NA,"YES","9999",0,0.5,0,0,251,773,20.0086,14384,0,NA
-1,NA,NA,NA,"UDTH",NA,NA,NA,2,3,1,7,506,10706,NA,NA,NA,NA,"9999",NA,NA,NA,0,NA,NA,"YES","9999",0,0.5,0,0,252,413,11.2407,14384,0,NA
-1,NA,NA,NA,"UDTH",NA,NA,NA,1,0,2,7,607,10706,NA,NA,NA,NA,"9999",NA,NA,NA,0,NA,NA,"YES","9999",0,0.5,27.77778,0,253,318,8.7301,14384,0,NA
-1,NA,NA,NA,"UDTH",NA,NA,NA,2,0,2,7,607,10706,NA,NA,NA,NA,"9999",NA,NA,NA,0,NA,NA,"YES","9999",0,0.5,27.77778,0,254,487,13.379,14384,0,NA
-1,NA,NA,NA,"UDTH",NA,NA,NA,2,1,1,7,607,10706,NA,NA,NA,NA,"9999",NA,NA,NA,0,NA,NA,"YES","9999",0,0.5,27.77778,0,255,830,18.7723,14384,0,NA
-1,NA,NA,NA,"UDTH",NA,NA,NA,2,1,2,7,607,10706,NA,NA,NA,NA,"9999",NA,NA,NA,0,NA,NA,"YES","9999",0,0.5,27.77778,0,256,1611,38.529,14384,0,NA
-1,NA,NA,NA,"UDTH",NA,NA,NA,2,0,2,7,708,10706,NA,NA,NA,NA,"9999",NA,NA,NA,0,NA,NA,"YES","9999",0,0.5,0,33.33333,257,1570,35.556,14384,0,NA
-1,NA,NA,NA,"UDTH",NA,NA,NA,3,0,2,7,708,10706,NA,NA,NA,NA,"9999",NA,NA,NA,0,NA,NA,"YES","9999",0,0.5,0,33.33333,258,1244,25.0254,14384,0,NA
-1,NA,NA,NA,"UDHT",NA,NA,NA,1,0,1,7,809,10716,NA,NA,NA,NA,"9999",NA,NA,NA,0,NA,NA,"YES","9999",0,0.5,16.66667,0,260,180,4.8234,14384,0,NA
-1,NA,NA,NA,"UDHT",NA,NA,NA,2,7,1,7,809,10716,NA,NA,NA,NA,"9999",NA,NA,NA,0,NA,NA,"YES","9999",0,0.5,16.66667,0,263,240,6.3396,14384,0,NA
-1,NA,NA,NA,"UDHT",NA,NA,NA,3,0,1,7,809,10716,NA,NA,NA,NA,"9999",NA,NA,NA,0,NA,NA,"YES","9999",0,0.5,16.66667,0,264,179,4.8525,14384,0,NA
-1,NA,NA,NA,"UDHT",NA,NA,NA,3,1,1,7,809,10716,NA,NA,NA,NA,"9999",NA,NA,NA,0,NA,NA,"YES","9999",0,0.5,16.66667,0,265,181,4.625,14384,0,NA
-1,NA,NA,NA,"UDHT",NA,NA,NA,3,0,2,7,910,10716,NA,NA,NA,NA,"9999",NA,NA,NA,0,NA,NA,"YES","9999",0,0.5,0,66.66667,267,1259,31.0837,14384,0,NA
-1,NA,NA,NA,"UDHT",NA,NA,NA,3,0,2,7,1011,10716,NA,NA,NA,NA,"9999",NA,NA,NA,0,NA,NA,"YES","9999",0,0.5,22.22222,0,268,179,4.2299,14384,0,NA
-1,NA,NA,NA,"UDHT",NA,NA,NA,3,0,2,7,1011,10716,NA,NA,NA,NA,"9999",NA,NA,NA,0,NA,NA,"YES","9999",0,0.5,27.77778,0,269,119,2.8226,14384,0,NA
-1,NA,NA,NA,"UDHT",NA,NA,NA,3,0,2,7,1011,10716,NA,NA,NA,NA,"9999",NA,NA,NA,0,NA,NA,"YES","9999",0,0.5,33.33333,0,270,1321,32.2705,14384,0,NA
-1,NA,NA,NA,"UDTH",NA,NA,NA,0,6,1,8,203,10715,NA,NA,NA,NA,"9999",NA,NA,NA,0,NA,NA,"YES","9999",0,0.5,0,0,275,240,6.0208,3728,0,NA
-1,NA,NA,NA,"UDTH",NA,NA,NA,1,2,1,8,203,10715,NA,NA,NA,NA,"9999",NA,NA,NA,0,NA,NA,"YES","9999",0,0.5,0,0,276,300,7.2873,3728,0,NA
-1,NA,NA,NA,"UDTH",NA,NA,NA,3,4,1,8,203,10715,NA,NA,NA,NA,"9999",NA,NA,NA,0,NA,NA,"YES","9999",0,0.5,0,0,278,600,14.196,3728,0,NA
-1,NA,NA,NA,"UDHT",NA,NA,NA,3,4,1,8,504,10714,NA,NA,NA,NA,"9999",NA,NA,NA,0,NA,NA,"YES","9999",0,0.5,0,33.33333,288,60,1.6401,3728,0,NA
-1,NA,NA,NA,"UDTH",NA,NA,NA,3,5,1,8,506,10715,NA,NA,NA,NA,"9999",NA,NA,NA,0,NA,NA,"YES","9999",0,0.5,0,0,291,300,8.886,3728,0,NA
-1,NA,NA,NA,"UDHT",NA,NA,NA,2,7,1,8,518,10714,NA,NA,NA,NA,"9999",NA,NA,NA,0,NA,NA,"YES","9999",0,0.5,11.11111,0,293,720,17.918,3728,0,NA
-1,NA,NA,NA,"UDHT",NA,NA,NA,2,1,1,8,607,10716,NA,NA,NA,NA,"9999",NA,NA,NA,0,NA,NA,"YES","9999",0,0.5,0,16.66667,294,719,17.3894,3728,0,NA
547,0.315,202,548,"UDHT","R","R","RR",2,2,1,8,607,10716,0.3920139,6401.81,1434.12,"T01","ET",1,23,20,1,0.39202546,547,"YES","BA",1,0.5,0,16.66667,295,360,8.9585,3728,1,1434.12
547,0.392,271,675,"UDHT","F","R","FR",2,2,1,8,607,10716,0.3919792,6401.88,1434.12,"D01","DP",1,21,25,1,0.39201389,547,"YES","BA",1,0.5,0,16.66667,295,360,8.9585,3728,2,1434.12
-1,NA,NA,NA,"UDTH",NA,NA,NA,3,7,1,8,607,10715,NA,NA,NA,NA,"9999",NA,NA,NA,0,NA,NA,"YES","9999",0,0.5,22.22222,0,296,240,5.4394,3728,0,NA
-1,NA,NA,NA,"UDHT",NA,NA,NA,3,2,1,8,607,10716,NA,NA,NA,NA,"9999",NA,NA,NA,0,NA,NA,"YES","9999",0,0.5,0,16.66667,298,181,4.379,3728,0,NA
-1,NA,NA,NA,"UDHT",NA,NA,NA,3,5,1,8,607,10716,NA,NA,NA,NA,"9999",NA,NA,NA,0,NA,NA,"YES","9999",0,0.5,0,16.66667,299,487,12.4225,3728,0,NA
-1,NA,NA,NA,"UDHT",NA,NA,NA,1,3,1,8,708,10716,NA,NA,NA,NA,"9999",NA,NA,NA,0,NA,NA,"YES","9999",0,0.5,11.11111,0,301,181,5.1153,3728,0,NA
-1,NA,NA,NA,"UDHT",NA,NA,NA,2,0,1,8,708,10716,NA,NA,NA,NA,"9999",NA,NA,NA,0,NA,NA,"YES","9999",0,0.5,11.11111,0,302,600,16.6994,3728,0,NA
-1,NA,NA,NA,"UDHT",NA,NA,NA,2,1,1,8,708,10716,NA,NA,NA,NA,"9999",NA,NA,NA,0,NA,NA,"YES","9999",0,0.5,11.11111,0,303,359,10.2775,3728,0,NA
-1,NA,NA,NA,"UDHT",NA,NA,NA,3,0,1,8,708,10716,NA,NA,NA,NA,"9999",NA,NA,NA,0,NA,NA,"YES","9999",0,0.5,11.11111,0,304,360,10.124,3728,0,NA
488,0.032,23,57,"UDHT","R","R","RR",2,9,1,8,807,10714,0.7895833,6418.29,1356.11,"T09","ET",1,84,70,1,0.78959491,NA,"YES","BA",1,0.5,0,0,305,180,4.5925,3728,1,1356.11
488,NA,NA,NA,"UDHT","F","R","FR",2,9,1,8,807,10714,NA,NA,NA,NA,"DP",NA,NA,NA,NA,NA,NA,"YES","BA",0,0.5,0,0,305,180,4.5925,3728,2,NA
489,0.46,195,831,"UDHT","R","R","RR",3,9,1,8,807,10714,0.7976736,6400.87,1405.79,"T10","ET",1,19,15,1,0.79771991,NA,"YES","BA",1,0.5,0,0,306,1020,25.5765,3728,1,1405.79
489,NA,NA,NA,"UDHT","F","R","FR",3,9,1,8,807,10714,NA,NA,NA,NA,"DP",NA,NA,NA,NA,NA,NA,"YES","BA",0,0.5,0,0,306,1020,25.5765,3728,2,NA
-1,NA,NA,NA,"UDHT",NA,NA,NA,2,9,1,8,908,10714,NA,NA,NA,NA,"9999",NA,NA,NA,0,NA,NA,"YES","9999",0,0.5,0,0,308,240,6.7914,3728,0,NA
-1,NA,NA,NA,"UDHT",NA,NA,NA,3,9,1,8,908,10714,NA,NA,NA,NA,"9999",NA,NA,NA,0,NA,NA,"YES","9999",0,0.5,0,0,309,360,10.2939,3728,0,NA
487,0.227,173,385,"UDHT","R","R","RR",3,8,1,8,908,10714,0.7775231,6358.15,1336.11,"T08","ET",1,35,30,1,NA,NA,"YES","BA?",1,0.5,0,16.66667,310,480,13.882,3728,1,1336.11
487,NA,NA,NA,"UDHT","F","R","FR",3,8,1,8,908,10714,NA,NA,NA,NA,"DP",NA,NA,NA,NA,NA,NA,"YES","BA?",0,0.5,0,16.66667,310,480,13.882,3728,2,NA
-1,NA,NA,NA,"UDHT",NA,NA,NA,2,4,1,8,910,10716,NA,NA,NA,NA,"9999",NA,NA,NA,0,NA,NA,"YES","9999",0,0.5,0,0,311,780,22.8166,3728,0,NA
-1,NA,NA,NA,"UDHT",NA,NA,NA,3,2,1,8,910,10716,NA,NA,NA,NA,"9999",NA,NA,NA,0,NA,NA,"YES","9999",0,0.5,0,0,312,360,10.5946,3728,0,NA
-1,NA,NA,NA,"UDTH",NA,NA,NA,3,6,1,9,504,10721,NA,NA,NA,NA,"9999",NA,NA,NA,0,NA,NA,"YES","9999",0,0.5,0,0,313,440,11.9385,18186,0,NA
-1,NA,NA,NA,"UDTH",NA,NA,NA,2,7,1,9,706,10709,NA,NA,NA,NA,"9999",NA,NA,NA,0,NA,NA,"YES","9999",0,0.5,16.66667,0,315,180,5.4386,18186,0,NA
-1,NA,NA,NA,"UDTH",NA,NA,NA,3,7,1,9,706,10709,NA,NA,NA,NA,"9999",NA,NA,NA,0,NA,NA,"YES","9999",0,0.5,16.66667,0,316,300,9.0563,18186,0,NA
-1,NA,NA,NA,"UDHT",NA,NA,NA,3,1,1,9,706,10712,NA,NA,NA,NA,"9999",NA,NA,NA,0,NA,NA,"YES","9999",0,0.5,0,33.33333,317,93,2.961,18186,0,NA
-1,NA,NA,NA,"UDHT",NA,NA,NA,3,6,1,9,706,10712,NA,NA,NA,NA,"9999",NA,NA,NA,0,NA,NA,"YES","9999",0,0.5,0,33.33333,318,1020,28.9771,18186,0,NA
-1,NA,NA,NA,"UDTH",NA,NA,NA,1,8,1,9,708,10709,NA,NA,NA,NA,"9999",NA,NA,NA,0,NA,NA,"YES","9999",0,0.5,0,0,323,661,18.8343,18186,0,NA
-1,NA,NA,NA,"UDTH",NA,NA,NA,1,8,1,9,708,10709,NA,NA,NA,NA,"9999",NA,NA,NA,0,NA,NA,"YES","9999",0,0.5,16.66667,0,324,59,1.6094,18186,0,NA
-1,NA,NA,NA,"UDTH",NA,NA,NA,2,8,1,9,708,10709,NA,NA,NA,NA,"9999",NA,NA,NA,0,NA,NA,"YES","9999",0,0.5,0,0,325,240,6.7523,18186,0,NA
-1,NA,NA,NA,"UDTH",NA,NA,NA,2,8,1,9,708,10709,NA,NA,NA,NA,"9999",NA,NA,NA,0,NA,NA,"YES","9999",0,0.5,16.66667,0,326,931,26.0557,18186,0,NA
-1,NA,NA,NA,"UDTH",NA,NA,NA,0,9,1,9,809,10709,NA,NA,NA,NA,"9999",NA,NA,NA,0,NA,NA,"YES","9999",0,0.5,0,0,327,600,16.2085,18186,0,NA
-1,NA,NA,NA,"UDTH",NA,NA,NA,1,9,1,9,809,10709,NA,NA,NA,NA,"9999",NA,NA,NA,0,NA,NA,"YES","9999",0,0.5,0,0,328,359,9.4535,18186,0,NA
-1,NA,NA,NA,"UDTH",NA,NA,NA,1,9,2,9,809,10709,NA,NA,NA,NA,"9999",NA,NA,NA,0,NA,NA,"YES","9999",0,0.5,0,0,329,300,8.3,18186,0,NA
-1,NA,NA,NA,"UDTH",NA,NA,NA,2,8,1,9,809,10709,NA,NA,NA,NA,"9999",NA,NA,NA,0,NA,NA,"YES","9999",0,0.5,0,0,330,241,6.0407,18186,0,NA
-1,NA,NA,NA,"UDTH",NA,NA,NA,3,6,1,9,809,10709,NA,NA,NA,NA,"9999",NA,NA,NA,0,NA,NA,"YES","9999",0,0.5,0,0,331,584,13.8223,18186,0,NA
-1,NA,NA,NA,"UDTH",NA,NA,NA,1,9,1,9,910,10709,NA,NA,NA,NA,"9999",NA,NA,NA,0,NA,NA,"YES","9999",0,0.5,0,0,333,559,13.5068,18186,0,NA
-1,NA,NA,NA,"UDTH",NA,NA,NA,2,9,1,9,910,10709,NA,NA,NA,NA,"9999",NA,NA,NA,0,NA,NA,"YES","9999",0,0.5,0,0,334,480,11.8789,18186,0,NA
-1,NA,NA,NA,"UDTH",NA,NA,NA,3,9,1,9,910,10709,NA,NA,NA,NA,"9999",NA,NA,NA,0,NA,NA,"YES","9999",0,0.5,0,0,335,240,5.7789,18186,0,NA
-1,NA,NA,NA,"UDHT",NA,NA,NA,2,5,1,9,1314,10714,NA,NA,NA,NA,"9999",NA,NA,NA,0,NA,NA,"YES","9999",0,0.5,0,0,341,137,4.6553,18186,0,NA
-1,NA,NA,NA,"UDHT",NA,NA,NA,2,2,1,9,1314,10714,NA,NA,NA,NA,"9999",NA,NA,NA,0,NA,NA,"YES","9999",0,0.5,16.66667,0,342,728,19.2331,18186,0,NA
-1,NA,NA,NA,"UDHT",NA,NA,NA,2,5,1,9,1314,10714,NA,NA,NA,NA,"9999",NA,NA,NA,0,NA,NA,"YES","9999",0,0.5,16.66667,0,343,451,11.6995,18186,0,NA
-1,NA,NA,NA,"UDHT",NA,NA,NA,1,2,1,9,1415,10714,NA,NA,NA,NA,"9999",NA,NA,NA,0,NA,NA,"YES","9999",0,0.5,0,0,344,360,10.0017,18186,0,NA
-1,NA,NA,NA,"UDHT",NA,NA,NA,2,2,1,9,1415,10714,NA,NA,NA,NA,"9999",NA,NA,NA,0,NA,NA,"YES","9999",0,0.5,0,0,345,1020,29.0005,18186,0,NA
463,0.269,392,308,"UDHT","R","R","RR",3,2,1,9,1415,10714,0.6668866,6345.25,1639.59,"T01","ET",1,30,80,1,NA,NA,"YES","BA?",1,0.5,0,0,346,480,12.7881,18186,1,1639.59
463,NA,NA,NA,"UDHT","F","R","FR",3,2,1,9,1415,10714,NA,NA,NA,NA,"DP",NA,NA,NA,NA,NA,NA,"YES","BA?",0,0.5,0,0,346,480,12.7881,18186,2,NA
-1,NA,NA,NA,"UDHT",NA,NA,NA,0,2,1,9,1516,10714,NA,NA,NA,NA,"9999",NA,NA,NA,0,NA,NA,"YES","9999",0,0.5,0,0,347,180,4.5267,18186,0,NA
-1,NA,NA,NA,"UDHT",NA,NA,NA,0,4,1,9,1516,10714,NA,NA,NA,NA,"9999",NA,NA,NA,0,NA,NA,"YES","9999",0,0.5,0,0,348,840,21.8277,18186,0,NA
-1,NA,NA,NA,"UDHT",NA,NA,NA,1,2,1,9,1516,10714,NA,NA,NA,NA,"9999",NA,NA,NA,0,NA,NA,"YES","9999",0,0.5,11.11111,0,349,480,12.1673,18186,0,NA
-1,NA,NA,NA,"UDHT",NA,NA,NA,1,4,1,9,1516,10714,NA,NA,NA,NA,"9999",NA,NA,NA,0,NA,NA,"YES","9999",0,0.5,11.11111,0,350,60,1.5683,18186,0,NA
-1,NA,NA,NA,"UDHT",NA,NA,NA,2,4,1,9,1516,10714,NA,NA,NA,NA,"9999",NA,NA,NA,0,NA,NA,"YES","9999",0,0.5,11.11111,0,351,180,4.6398,18186,0,NA
467,0.161,120,275,"UDHT","R","R","RR",3,4,1,9,1516,10714,0.6717824,6348.6,1633.61,"T02","ET",1,52,40,1,0.67181713,NA,"YES","BA",1,0.5,11.11111,0,352,411,10.5651,18186,1,1633.61
467,NA,NA,NA,"UDHT","F","R","FR",3,4,1,9,1516,10714,NA,NA,NA,NA,"DP",NA,NA,NA,NA,NA,NA,"YES","BA",0,0.5,11.11111,0,352,411,10.5651,18186,2,NA
468,0.679,624,1092,"UDHT","F","R","FR",3,4,1,9,1516,10714,0.6721065,6347.97,1632.93,"D02","DP",1,11,30,1,0.67212963,NA,"YES","BA",1,0.5,11.11111,0,352,411,10.5651,18186,2,1632.93
468,NA,NA,NA,"UDHT","R","R","RR",3,4,1,9,1516,10714,NA,NA,NA,NA,"ET",NA,NA,NA,NA,NA,NA,"YES","BA",0,0.5,11.11111,0,352,411,10.5651,18186,1,NA
469,0.311,405,411,"UDHT","F","R","FR",3,4,1,9,1516,10714,0.6722801,6347.6,1632.6,"D03","DP",1,24,50,1,0.67230324,NA,"YES","BA",1,0.5,11.11111,0,352,411,10.5651,18186,2,1632.6
469,NA,NA,NA,"UDHT","R","R","RR",3,4,1,9,1516,10714,NA,NA,NA,NA,"ET",NA,NA,NA,NA,NA,NA,"YES","BA",0,0.5,11.11111,0,352,411,10.5651,18186,1,NA
474,0.156,138,255,"UDHT","R","R","RR",0,0,1,9,1617,10714,0.710162,6322.31,1527.84,"T04","ET",1,59,90,1,0.71021991,NA,"YES","BA",1,0.5,0,0,353,1140,30.9563,18186,1,1527.84
474,NA,NA,NA,"UDHT","F","R","FR",0,0,1,9,1617,10714,NA,NA,NA,NA,"DP",NA,NA,NA,NA,NA,NA,"YES","BA",0,0.5,0,0,353,1140,30.9563,18186,2,NA
-1,NA,NA,NA,"UDHT",NA,NA,NA,1,0,1,9,1617,10714,NA,NA,NA,NA,"9999",NA,NA,NA,0,NA,NA,"YES","9999",0,0.5,0,0,354,540,14.8079,18186,0,NA
-1,NA,NA,NA,"UDHT",NA,NA,NA,2,5,1,9,1617,10714,NA,NA,NA,NA,"9999",NA,NA,NA,0,NA,NA,"YES","9999",0,0.5,0,0,355,360,10.122,18186,0,NA
-1,NA,NA,NA,"UDHT",NA,NA,NA,1,0,1,9,1819,10714,NA,NA,NA,NA,"9999",NA,NA,NA,0,NA,NA,"YES","9999",0,0.5,0,0,357,720,20.265,18186,0,NA
485,0.176,303,122,"UDHT","R","R","RR",2,0,1,9,1819,10714,0.7609144,6320.3,1359.8,"T07","ET",1,37,90,1,NA,485,"YES","BA",1,0.5,0,0,358,420,12.0398,18186,1,1359.8
485,0.182,315,123,"UDHT","F","R","FR",2,0,1,9,1819,10714,0.7609259,6320.4,1359.7,"D05","DP",99,36,90,1,0.76094907,485,"YES","BA",1,0.5,0,0,358,420,12.0398,18186,2,1359.7
-1,NA,NA,NA,"UDHT",NA,NA,NA,3,5,1,9,1819,10714,NA,NA,NA,NA,"9999",NA,NA,NA,0,NA,NA,"YES","9999",0,0.5,0,0,359,780,22.0112,18186,0,NA
-1,NA,NA,NA,"UDHT",NA,NA,NA,3,5,2,9,2221,10716,NA,NA,NA,NA,"9999",NA,NA,NA,0,NA,NA,"YES","9999",0,0.5,0,0,360,240,7.9526,18186,0,NA
-1,NA,NA,NA,"UDHT",NA,NA,NA,3,8,2,9,2221,10716,NA,NA,NA,NA,"9999",NA,NA,NA,0,NA,NA,"YES","9999",0,0.5,0,0,361,241,7.6166,18186,0,NA
-1,NA,NA,NA,"UDHT",NA,NA,NA,3,9,2,9,2322,10716,NA,NA,NA,NA,"9999",NA,NA,NA,0,NA,NA,"YES","9999",0,0.5,0,0,364,779,18.5512,18186,0,NA
